﻿<?xml version="1.0" encoding="utf-8"?>
<!DOCTYPE underground_passion SYSTEM "dtdprojekt.dtd">
<underground_passion xmlns:xsi="http://www.w3.org/2001/XMLSchema-instance"
   xsi:noNamespaceSchemaLocation="UGPS.xsd">
	<hobby>Underground Passion</hobby>
	<main>
		<segment>
			<title>Detektorystyka</title>
		</segment>
		<segment>
			<title>Czym jest wykrywacz metali?</title>
			<tresc>
				Wykrywacz metali to urządzenie, wykorzystujące indukcję elektromagnetyczną w celu wykrycia lub znalezienia metalu różnego rodzaju, znajdującego się pod ziemią lub na jej powierzchni. Gdy znajdujemy się blisko naszego celu, wykrywacz zaczyna informować nas o tym poprzez wydanie dźwięku, którego głośność zależy od bliskości znaleziska.
			</tresc>
		</segment>
		<segment>
			<title>Trochę z historii</title>
			<tresc>
				Pierwsze wzmianki o urządzeniu do wykrywania metali pojawią się w XIX wieku, kiedy chciano znaleźć kulę tkwiącą w ciele ranionego w zamachu prezydenta Jamesa Garfielda. Użyto do tego urządzenia z pomysłu samego Alexandra Graham ’a Bell ’a. Kuli nie udało się odnaleźć, czego przyczyną były metalowe sprężyny w łóżku, na którym leżał prezydent. Spowodowały one zakłócenia w pracy „wykrywacza”.
			</tresc>
		</segment>
		<segment>
			<title>Zastosowanie wykrywaczy</title>
			<tresc>
				Istnieje wiele różnych zastosowań tych urządzeń. Najczęściej wykorzystuje się je do znalezienia niewybuchów, przewodów elektrycznych, różnego rodzaju instalacji ale także do badań archeologicznych. Bardzo popularne są wśród historyków oraz „poszukiwaczy skarbów”, czyli osób z hobbistyczną chęcią znalezienia ciekawych i wartościowych przedmiotów znajdujących się głęboko pod ziemią.
			</tresc>
		</segment>
		<segment>
			<title>Co można znaleźć dzięki wykrywaczowi metali?</title>
			<lista>
				<element nr="1">
					<list>
						Przedmioty z czasów II Wojny Światowej – najczęściej obierane jako cel poszukiwać, ale także jedne z najczęściej znajdywanych artefaktów. Wiele przedmiotów militarnych i codziennego użytku z tamtych czasów było ukrywanych w wyniku zagrożenia życia czy utraty majątku. Do dnia dzisiejszego znajduję się pod ziemią wiele cennych skarbów.
					</list>
				</element>
				<element nr="2">
					<list>
						Przedmioty z czasów III zaborów – w tych latach Polska podzielona była na zabory, przez co nasze ziemi zamieszkiwało wiele nacji, posiadających choćby własną kulturę czy walutę. Dlatego właśnie artefakty z tych czasów są szczególnie doceniane.
					</list>
				</element>
				<element nr="3">
					<list>
						Przedmioty z czasów PRL-u – co prawda znaleziska te nie są tak stare, ale wywołują stare wspomnienia. Są to najczęściej monety.
					</list>
				</element>
				<element nr="4">
					<list>
						Przedmioty historyczne takie jak miecze, noże czy strzelby. Są to jednak bardzo rzadkie znaleziska, które stanowią najcenniejsze zdobycze wśród poszukiwaczy.
					</list>
				</element>
				<element nr="5">
					<list>
						Skarby – są to przedmioty takie jak stare monety, biżuteria, odznaczenia wojskowe czy narzędzia.
					</list>
				</element>
			</lista>
		</segment>
		<segment>
			<title> Polskie prawo a znaleziska </title>
			<tresc>
				W Polsce obowiązuje prawo mówiące, że „poszukiwanie ukrytych lub porzuconych zabytków ruchomych, w tym zabytków archeologicznych, przy użyciu wszelkiego rodzaju urządzeń elektronicznych i technicznych oraz sprzętu do nurkowania wymaga pozwolenia właściciela terenu oraz właściwego wojewódzkiego konserwatora zabytków”. Jeżeli osoba poszukująca znajdzie rzecz mającą jakąkolwiek wartość historyczną, naukową lub artystyczną to należy ona do Skarbu Państwa i należy niezwłocznie ją oddać.
			</tresc>
		</segment>
		<segment>
			<title>Jak uzyskać w Polsce pozwolenie na poszukiwanie przedmiotów?</title>
			<tresc>
				Pozwolenie takie może uzyskać każdy, kto złoży odpowiedni wniosek do wojewódzkiego konserwatora zabytków oraz wniesie opłatę skarbową. Wniosek ten musi zawierać dane poszukiwacza oraz informacje na temat miejsca, w którym będzie on szukał, czas oraz pozwolenie od właściciela ziemi, na której dojdzie do poszukiwań.
			</tresc>
		</segment>
		<segment>
			<title>Ciekawostki</title>
			<ciekawostki id="1">
				<ciekawostka>Znalezisko nie zawsze jest efektem długotrwałych i profesjonalnych poszukiwań, a zwykłym przypadkiem. Pewien rolnik miał na swojej działce problemy z dzikami rozgrzebującymi mu ziemię. Starając się przywrócić pole do pierwotnego wyglądu znalazł 86 srebrnych denarów z czasów I i II wieku n.e. Jest to dokładny przykład tego jak niespodziewanie można znaleźć ogromny skarb bez żadnego wysiłku.</ciekawostka>
				<ciekawostka>Poszukiwanie zabytków za pomocą wykrywaczy metali uważane jest za przestępstwo. Jeśli chcemy szukać zabytków w lesie bądź na plaży musimy posiadać na to zezwolenie.</ciekawostka>
				<ciekawostka>Prowadzenie poszukiwań bez posiadania pozwolenia grozi grzywną, karą ograniczenia wolności a nawet pozbawieniem wolności do 2 lat.</ciekawostka>
			</ciekawostki>
		</segment>
	</main>
	<wykrywacze>
		<segment>
			<title>Jak wykrywacze w ogóle działają?</title>
			<tresc>
				Wykrywacze wytwarzają pole elektromagnetyczne w jego cewce, które następnie przenika do ziemi. Wszelkie metalowe przedmioty znajdujące się w tym momencie w zasięgu tego pola ulegają wzbudzeniu i wytworzeniu swojego własnego. Następnie, cewka odbiera fale elektromagnetyczne i informuje o wystąpieniu obiektu poprzez sygnał. Istnieją także wykrywacze Minelab zdolne do odróżnienia obiektów, tym samym pozwalają na odrzucenie tych niechcianych .
			</tresc>
			<dzialania>
				<dzialanie sposob="1">
					<tresc>
					WYSYŁANE FALE – powodują wzbudzenie obiektów znajdujących się pod powierzchnią i możliwość ich wykrycia.
					</tresc>
				</dzialanie>
				<dzialanie sposob="2">
					<tresc>
					ODBIERNE FALE- wytworzone przez obiekty, są odsyłane i wykrywane przez cewkę.
					</tresc>
				</dzialanie>
				<dzialanie sposob="3">
					<tresc>
						OBIEKT NIKECHCIANY – są to zazwyczaj ferromagnetyki, czyli np. gwoździe, ale również nieferromagnetyki, takie jak zakrętki od butelek. Niektóre wykrywacze posiadają opcję, aby je odrzucał, tym samym nie wydawał sygnału, gdy na nie napotka.
					</tresc>
				</dzialanie>
			</dzialania>
		</segment>
		<segment>
			<title>Budowa</title>
			<budowa>
				<czesc numer="1">
					<tresc>
						BATERIA - zapewnia zasilanie wykrywacza
					</tresc>
				</czesc>
				<czesc numer="2">
					<tresc>
						CEWKA – wytwarza pole elektromagnetyczne przenikające w głąb ziemi w celu odebrania fal poszukiwanego obiektu.
					</tresc>
				</czesc>
				<czesc numer="3">
					<tresc>
						PANEL KONTROLNY – zawiera wszelkie układy elektroniczne wykrywacza. To właśnie w nim generowany jest sygnał, który następnie jest wysyłany, odbierany i przetwarzany w sygnał.
					</tresc>
				</czesc>
			<czesc numer="4">
					<tresc>
						SZTYCA – jest to nic innego jak kij stanowiący konstrukcyjną podstawę wykrywacza. Na jego obu końcach znajdują odpowiednio cewka oraz panel kontrolny.
					</tresc>
			</czesc>
			</budowa>
		</segment>
		<segment>
			<title> Najlepsze wykrywacze </title>
			<tabela>
				<wiersz linijka="1">
					<nazwa_wykrywacza>Garrett Ace 250</nazwa_wykrywacza>
					<cena>1080</cena>
				</wiersz>
				<wiersz linijka="2">
					<nazwa_wykrywacza>Rutus Alter 71</nazwa_wykrywacza>
					<cena>3285</cena>
				</wiersz>
				<wiersz linijka="3">
					<nazwa_wykrywacza>Garrett AT Pro</nazwa_wykrywacza>
					<cena>2820</cena>
				</wiersz>
				<wiersz linijka="4">
					<nazwa_wykrywacza>XP DEUS X35</nazwa_wykrywacza>
					<cena>3290</cena>
				</wiersz>
				<wiersz linijka="5">
					<nazwa_wykrywacza>Rutus Proxima Ver. 5.0</nazwa_wykrywacza>
					<cena>1570</cena>
				</wiersz>
				<wiersz linijka="6">
					<nazwa_wykrywacza>Minelab Equinox 800</nazwa_wykrywacza>
					<cena>4300</cena>
				</wiersz>
			</tabela>
		</segment>
		<segment>
			<title>Dobre sklepy z wykrywaczami</title>
			<links>
				<link source="https://odynce.pl/">Sklep "Odyna"</link>
				<link source="https://sklep.undergroundpassion.pl/">Sklep "Sapera"</link>
			</links>
		</segment>
	</wykrywacze>
	<galeria>
		<segment>
			<title>Co ludzie znajdują?</title>
		</segment>
		<zdjecia>
			<zdjecie source="zdjecia_hih/znalezisko_broni.jpg">Broń</zdjecie>
			<zdjecie source="zdjecia_hih/monety.jfif">Monety</zdjecie>
			<zdjecie source="zdjecia_hih/skarb_monet.jpeg">Skarb monet</zdjecie>
			<zdjecie source="zdjecia_hih/wykrywacz.jpg">Wykrywacz</zdjecie>
			<zdjecie source="zdjecia_hih/skarb_złota.jpg">Skarb złota</zdjecie>
		</zdjecia>
		<video>
			<segment>
				<title>Pasja/Hobby</title>
				<tresc>
					Wiele osób profesjonalnie zajmuje się poszukiwaniem skarbów bądź jest to ich hobby. W dzisiejszych czasach coraz częściej można znaleźć osoby, które dzielą się swoją pasją w internecie poprzez różnego rodzaju filmiki w nim zamieszczane. Relacjonują na nich najczęściej przebieg takich poszukiwań, pokazują potrzebny ekwipunek,a także znalezione przez siebie przedmioty i ich historię oraz wartość. Poszukiwacze dzielą się pasją ze swoimi widzami, a także udzielają najpotrzebniejszych rad w tej dziedzinie by pomóc początkującym wejść w tak zwany świat "skarbów". Dzięki takiej formie przekazu widzowie mogą nie tylko śledzić postępy poszukiwacza, ale także dowiedzieć się gdzie i kiedy coś znalazł. Z filmików można także wydobyć ogromną wiedzę historyczną, artystyczną czy krajoznawczą, która opisywana jest przez nich samych. Wśród nas jest napewno wiele osób, które próbowały lub chciałyby spróbować i udać się z wykrywaczem w świat. Nie każdy jednak posiada wiedzę i sposobność, a właśnie dzięki takim kanałom poszukiwawczym w internecie mogą się dokładniej zagłębić w temat.
				</tresc>
			</segment>
			<segment>
				<title>Kanały na Youtube</title>
				<kanaly ulubiony="1">
					<kanal>Odyn</kanal>
					<imie>Adam</imie>
					<subskrybcje>334000</subskrybcje>
					<link source="https://www.youtube.com/user/Odynopuszka">Odyn</link>
				</kanaly>
				<kanaly ulubiony="2">
					<kanal>Underground Passion</kanal>
					<imie>Artur</imie>
					<subskrybcje>62000</subskrybcje>
					<link source ="https://www.youtube.com/c/UndergroundPassion">Saper</link>
				</kanaly>
				<kanaly ulubiony="3">
					<kanal>Golden Maniek</kanal>
					<imie>Mariusz</imie>
					<subskrybcje>32000</subskrybcje>
					<link source="https://www.youtube.com/c/GOLDENMANIEK/featured">Maniek</link>
				</kanaly>
				<kanaly ulubiony="4">
					<kanal>Odkrywca Goblin</kanal>
					<imie>Dawid</imie>
					<subskrybcje>21000</subskrybcje>
					<link source="https://www.youtube.com/channel/UCWkZoXUativDw6pf1uRourg">Goblin</link>
				</kanaly>
				<kanaly ulubiony="5">
					<kanal>Dallmyd</kanal>
					<imie>Jake</imie>
					<subskrybcje>12000000</subskrybcje>
					<link source="https://www.youtube.com/c/DALLMYD">Dallmyd</link>
				</kanaly>
			</segment>
		</video>
	</galeria>
</underground_passion>
